height_cm,age_years,biological_sex,beta_0,beta_1
164.1113021975722,62,0,-2.0741842081743562,2.7414349359126735
187.70121888241817,60,1,-0.3007686817960531,1.4792976843726269
162.83146009878837,67,0,-2.3389365696796247,1.299339514807036
194.93863806391076,37,1,-1.9489657870319554,2.2882100136052674
151.16209561299573,26,0,1.4886412732720666,-1.5706703009824428
187.09026806460741,20,0,-1.650925736952405,0.7819017062805456
180.2127618922046,32,0,1.6357772417637904,-0.266817334867655
195.99052643204578,37,0,-1.8973614560943053,-1.8280188839680949
156.27814240405638,24,0,-0.24787419984829206,-2.518993558808371
158.35976178212516,31,1,1.6939050269761502,-2.076838514901656
165.99000458987624,52,0,0.32001089486044787,-2.356230992271758
191.4609635484489,29,1,-0.34883878198876594,-0.6486871804412155
166.0665798519105,26,0,0.2414100068555043,-1.0838083099200038
178.6223210299671,42,1,1.8778150929925923,-2.420620304335394
158.83927076635902,60,1,-1.579403636915192,-1.8003498164501344
193.2859308053989,37,1,1.8926578070859517,1.8672966107453615
196.81678432298364,67,0,-0.02500183751944629,2.891863727561197
165.04549760696122,62,1,-0.0369676306742015,-2.0970062686506203
184.69238439486435,33,1,-0.440286127356579,2.482190927465113
177.96848587034407,39,1,-0.17470803541272284,0.6242286140127034
188.60457096546463,26,0,2.8201849417359135,-1.8886725054237947
182.06415549054205,61,0,-1.506578345772921,-2.639415614379263
150.57721118550833,67,1,-1.7374753174136515,0.20293936330236484
162.10716928579538,57,0,-0.8665925582386507,-2.295763853044215
172.97079510155436,67,1,-0.3624948444130238,1.4877503149568287
193.47530045903778,49,0,-2.7186204178063353,-1.539525867433066
156.44147035157314,25,1,2.86591878117279,-1.2575454929488887
158.2488598064485,57,1,-2.5426964113635018,2.3335036200004655
162.5256670834581,50,0,1.3645696316857432,-1.4908409364063417
197.2866512168454,54,1,-2.3306334687618304,-0.2461296724792823
185.45868540379027,52,1,1.8026757831387652,1.901348545553187
186.166387995348,60,1,1.9096380323142785,-1.1926118849515057
176.0446129527022,45,1,2.507775524662943,1.010670885183652
177.78145388580688,34,0,2.5540971666430634,-0.731717396370418
176.085454108093,50,1,2.9823837385797063,-2.730987646905492
171.3977544690304,65,0,2.6106499364024707,2.911508351883259
198.80546037545608,53,1,2.434104425689015,-2.716632074592666
153.7169169368416,44,0,-2.1764807376680944,-2.0655747630955372
157.8531593424733,30,1,-2.4589866760327492,2.3390802941002526
184.04103658459212,46,1,2.926821392005712,1.5941380579625992
194.61112975808794,33,1,-0.7988633850153075,-0.9240836177262493
190.83851719850006,38,0,2.117269004972229,0.2489620204102767
173.41528687821784,21,1,-2.0508247471570935,-2.6442924427776946
184.86305079980423,65,0,-1.979565375306039,-1.0223854691629497
172.23495256541096,40,0,0.7262662604577179,-2.9117186773612924
189.35375957853438,57,1,0.05019614932991345,-0.28263538442250447
188.9429830201468,44,0,-2.9555762553194063,0.6124018606703983
193.75978195421936,40,0,1.463892979296138,1.139345136019406
188.15852856925585,31,0,2.3788153824564056,-1.6596360949242002
154.1066130523112,49,1,-2.2342451042604434,0.273444707481759
173.117403448721,66,1,-1.9394870373777082,-0.46941997417798564
180.26269928598782,58,1,2.9576006468582694,2.3664333980174606
198.49269133779038,18,0,0.22113676840217344,1.2664741771650752
188.24172341386324,48,0,-1.638692940381992,1.3438731119019813
166.6972302295418,19,0,2.3364531371033346,2.299915712839203
171.4803184771584,59,1,-1.1692500296534079,0.13889321023906742
180.89782624689934,24,0,1.6785036745450066,0.5725726040895434
153.57918687871484,20,0,2.8588574823076938,-1.7826100314174222
153.40832707231058,21,1,-1.2785946788494793,-0.1730614497095866
173.20486734280362,40,0,2.6293231347553716,2.5461451003440265
191.7610501822711,34,0,-0.15308533722114248,2.2268545671352644
171.57686003172032,22,1,0.4004012200949951,-0.6428386104657235
197.9261061362988,21,1,-0.07420507086069072,0.36980164530104265
168.93362522177938,69,1,0.48421874115257246,-1.925693147560292
181.1541825990231,29,0,2.4807873912610203,-0.3770913629326418
154.517370632972,32,0,1.9522024942243945,-1.1117289336850948
165.16325534188448,32,0,-1.3971643144099555,-1.2727926170238093
150.0192810129729,29,0,-1.554506959312941,2.5863843610637964
194.2931296034981,34,1,-2.5955620920267983,1.7713042553722227
168.11024425805084,49,1,-0.39954045537214977,-1.3685702951853864
197.3691917149988,30,1,2.348565416915797,0.02720408908211258
184.92386841122436,47,1,1.419047080706548,-1.2875975606491354
165.9034381882155,41,0,0.2754737459285357,1.928052820289757
190.5290695849605,52,0,-0.1160018265499696,-2.8493901992841693
154.06187339264648,45,0,0.1301133601187745,2.5610543301082505
177.7426108313729,69,0,1.9717000810633358,-0.4243781142520642
152.47235034673736,60,1,1.8211237826152527,-2.984258156840885
180.60066842275378,42,1,1.0972891285366977,1.7288967979248548
162.41814630580043,41,1,-0.6341165781906328,-2.4840738161153313
182.6772841019079,39,0,-2.3007512884907912,-0.20665388476240754
161.83490363042787,46,0,0.6713364695340234,-1.1459822079470254
199.40603999878462,19,0,-0.44463851719122793,-0.10799462838284546
167.96671576319468,44,1,1.3686177996066204,-2.826173997019227
152.38795859709793,30,0,2.098810774636722,-1.0074638293627856
165.31718654803362,20,1,1.061690052497914,0.7403644489341139
188.85992590945705,61,1,2.1536566083590802,-0.6108057831218501
161.55361022849138,68,0,-2.093027881311932,-2.3402409077972823
164.43991089446405,47,1,1.027528871230027,-2.703780071067458
179.00744344501192,27,0,1.2348417510547858,-2.083624552507907
195.36450476513593,42,1,-1.2363270018899477,2.600302146180435
168.497882472421,30,1,0.3949612329214651,-2.874550326034945
151.940823338556,40,1,-1.7207044856900484,0.6321815499473535
180.92137934250206,46,0,-1.9218080557950883,-0.5374681032948452
184.31501120277056,65,1,2.5731093660604802,-1.2690501164306816
181.32979828046297,39,1,2.657195432340763,-2.257668453274688
197.43476476981198,69,0,-2.0138077747045093,-1.0524708653795134
195.32956084452857,22,0,-0.5359022454679034,-0.33621635900566416
191.87907999779216,52,1,0.2485652524012676,-1.1073946314025913
166.0148998909445,57,1,-0.5418972849109442,1.345275406668085
185.22254278082002,67,1,0.2858360559932982,-0.5070764354676403
198.71316471557589,59,0,-2.1630217975510986,1.9648783493115562
196.11000647946182,40,1,1.4850351501208952,-0.2586951403460116
199.99639704264635,35,1,-2.9656836686168018,-2.0120047802430094
199.14135027774043,31,0,-1.3800880970613605,-1.7269630405471241
181.35717259882128,25,0,2.894394957552329,2.2552819646648103
180.6817540319461,29,1,0.3673673706518721,2.3801342309404756
155.8156167475417,29,0,-2.847845331807517,0.46193563413014616
193.43954711706988,31,0,-0.5649954412072589,-0.4430178257433015
157.60054334986583,41,1,-0.5579419299859576,0.8211504246685877
199.4775877193373,32,1,-1.8945319810367685,-0.35060267416393565
176.77653365329047,61,0,2.9945573782670625,-0.48026789453384566
194.83835738575283,49,0,-0.9395186710380887,1.6290402601448966
194.99579423327216,40,0,1.3521744677971297,-0.7598948943008055
154.91648983723243,44,1,2.685800349690404,-1.52123716461157
186.73307717583515,65,0,-2.800611765536756,1.7228879068987126
152.7247604258548,33,0,-1.1631016457930023,0.14795645522645096
181.77505915207342,28,0,-0.14039131504020919,-0.23350402603530984
196.41845838798176,41,0,-0.9431496180579759,1.499851061209208
187.9036269770748,20,1,-2.7155908631493464,-1.872043886737758
185.83609889466996,27,0,-2.4358908356852553,2.006277853742052
162.27612470631863,49,0,2.9356758243196897,1.8122207326587043
175.41089974146308,41,1,-1.8343944810179627,-2.966640532197164
176.27234480987943,58,0,2.40009253151141,0.6102706305270731
189.91331232512812,34,0,-2.514743218649185,-0.8102456817617143
175.36113284362355,45,1,2.6732101592628386,2.610132498125557
155.6794211998903,27,0,1.214667229739173,1.2611876412780862
159.153764916639,41,1,-0.29023621404784006,0.9177078091661164
158.74453588544426,29,0,0.34935767590349,1.1288072607116657
153.36302842657616,62,1,2.170592789097352,2.1022686133597484
155.40709373476875,68,1,1.171936275603814,-2.9581776437347718
193.02993222212234,30,0,-2.8394259501801637,0.8228833132222082
194.58259842882953,39,0,-0.6275419215052991,-2.474381640406487
157.68625874746226,69,0,-0.9725088695474149,1.5339484383687267
153.81411804261793,27,1,-1.525778172342067,-2.9184476517067877
193.6931589360985,47,1,-1.018205286060724,0.36242872295752004
190.8803815453539,55,0,-0.5288062014798784,1.8818077292208049
190.7966416665576,46,1,1.077280320500999,0.9081927584102889
174.13283537688105,48,1,0.2774882212705503,1.112754860178331
153.28577295624441,44,0,-2.3959520563831003,-1.1334543888865376
174.67352289723576,40,1,-0.28592063525405687,-2.527796299749089
195.68793139691866,32,0,1.7707541138082554,0.8623005184004997
159.62192553027927,26,1,2.313369682448495,0.89714245614848
178.10026491255326,55,1,2.8685846761846854,0.17527446098262356
169.94074103275233,29,1,-2.871917532759384,1.116267903430873
165.474363396785,48,0,-0.7137586471339752,-1.896618016104781
170.64794604533475,59,0,-2.6847307070544706,-0.05709652680754296
174.83437150254858,66,0,-1.4543070262679394,0.3476368292950407
176.8150905137195,55,0,1.9596352453369308,-1.772499657798415
181.69991696461625,54,1,1.5839926016249288,2.4029509958651225
171.77552489967465,39,0,-0.8086834868251596,0.0009527777627100775
156.58698257282924,55,0,2.7631208195966943,2.899900449854047
168.08858735622684,53,1,0.9177085842609181,2.4632353823685627
187.46442209792016,28,1,-0.38482923222983123,0.5944870608388158
190.04953701090895,54,0,-1.6926637768053734,-2.54772089571977
173.88791805456304,56,1,1.7169033880014615,2.7659715516425285
165.25733152703287,68,0,1.2853623756711885,1.8248670507492566
172.0872868258123,30,1,1.7243794532740004,1.2540921027982943
181.83192319606803,64,1,1.3332047188665506,2.0243955964868245
174.98918221523874,37,1,2.7115313496415183,-1.0141790086205982
171.73267606722965,63,0,-1.1083510999251052,1.5077514525858984
187.31307098067714,40,0,0.7584370167118295,1.0672438419495203
163.14281406692723,69,1,-0.35704375620949236,1.800049353144427
198.64979961976331,67,1,-2.187507833004805,-1.878761459853111
190.15513489001228,38,0,-0.7897307521791643,-0.061639123149005215
193.2474740151814,33,1,-2.547981726279962,-2.1470174710610554
161.94909197280427,19,0,-0.5752433309874228,-2.533521987039371
150.71946149333823,34,0,0.007934275418401526,1.513645382191707
157.77165311023404,36,1,-1.9645156343274048,1.448912501688687
172.29937650610293,59,1,-1.3764477685821634,-2.9765644317785362
182.95551717891624,53,1,0.5811037550617915,0.012230702222754353
199.5910779119089,58,1,1.6865245035351482,-1.0272728844451398
197.62650995559125,43,0,-0.13427431617022378,1.4128978830789034
171.912914179474,58,1,2.0065803970881513,-0.9966276905808282
180.8048013354561,65,1,1.3254008251370353,1.4747736157975115
175.61281998174462,43,0,-1.4962628680821344,-1.048315875202145
153.0056214455756,36,0,-2.0976524467733895,2.258514063757511
164.72954300111877,18,1,2.81119415846024,0.6888195469154956
190.13113970085584,22,1,0.3890227709966725,1.1238926275596377
188.08302611228956,25,1,2.2434064529693707,-0.5325210273780012
180.15594819740411,56,1,-2.7551145968092268,0.5848679261918006
198.57657916793767,52,1,0.18311105195804167,2.976244005914187
150.31737403996237,19,0,-2.6415146177432973,-0.5177686436974476
186.56175982236965,60,0,1.080092588350495,-2.819894200098627
150.2523500433616,26,1,-0.169826799158856,-0.777317389524387
194.09515110556472,49,1,0.6327458135861868,-1.3749918679402038
188.58733722628,69,1,-0.6035053671603672,1.8555892234348823
155.7351983568545,60,1,-2.428560089830464,0.07336588207395245
183.2396593236243,18,0,2.490623267505459,1.7813976261261013
152.18677300944245,66,1,0.10551859241214023,0.2553008442003355
157.28773705134884,37,1,0.9787525491608671,2.7999640671255808
157.3234574802856,51,0,2.081032475622889,-2.747640114064845
156.30560055856972,64,1,-2.084943647493071,1.5988215260029044
171.07317159932114,42,1,-2.9947539831172114,0.6662865017049255
172.17589846202068,31,0,-2.0313264993122395,1.1627536964798901
167.08734076969367,47,0,-0.8575010904457754,2.422070802051106
150.11959353940426,38,0,-1.2931913165480764,-0.049123433667691785
170.900569805074,67,1,-1.232812555782084,2.825082737267242
157.1539667070863,37,1,0.5379455779391362,-2.7887667421829754
152.2688645627506,42,1,0.19072827233351752,0.1624573001034415
159.22810051985397,51,0,1.9440397890095333,1.8883146216842146
177.146896844673,61,1,0.2630860397390542,-1.2817936968781813
168.2303536304215,67,1,1.405642919229697,2.409233403419071
187.41700243494353,35,1,-2.3157003665677465,2.5059437181434703
155.59113822493754,58,0,1.6317584775603606,-1.778697796130536
190.25537561551565,23,0,-1.2871884828695834,2.072040025687193
170.1348759859431,20,1,2.19756893572388,2.355581158775286
178.72190905349686,44,1,-0.3954425179614569,-1.2505158059275665
164.76764641009282,45,0,-2.000640300649401,0.893245157890127
150.99541381604706,52,1,2.23402254171474,1.1698814013279435
164.9836726578664,62,0,-2.609163782408377,-0.11548008226335682
158.5166075420576,56,1,-2.6888319269774006,-1.9097011245995952
160.96626317263252,59,0,1.4127475257902962,1.2857916533925398
162.90235387657572,29,0,-2.0197528689414836,0.8740770530299322
160.15119358046542,34,0,2.8498606345059194,2.8355996313231913
155.90624461933388,51,0,1.0323843750033852,1.5788760937431165
189.33388921630885,47,0,-1.4797932150006892,0.813995332398247
167.3377897499617,61,0,-1.037059937314572,0.9961307734154126
153.61275042371102,24,0,-1.7308836457856538,-2.5647387131670856
159.88798868619256,28,0,0.6224531495417862,0.03248423175542392
190.37950088058875,36,1,-1.1751634195157665,0.40699380288193376
177.89962464836,44,1,0.15696495680259392,0.26317002557930413
188.11128320494083,42,1,1.1520083429099284,0.8568444550606142
170.24230182087112,28,0,-0.0535974046944796,2.0161150731268016
168.34651796817042,54,0,0.652376207086375,-0.38330909435703786
150.86682733713855,33,0,-0.8470581382800484,2.6254590276319227
192.82239075357202,32,0,1.1480838795907848,-2.0219522520331683
175.5000289045388,30,0,2.281632940206187,-1.8178599844692998
188.03408368061855,62,0,2.1236914850726585,-0.9520335865873406
154.68233311524656,37,0,-1.324927384719587,-2.3604999959882393
188.28392271588797,57,1,-2.210947544678348,2.3946418138827816
172.89280456519606,34,1,0.9590788468676728,1.862796959920356
183.89662407599064,53,1,-1.0886178999581657,1.321352256712247
198.798258082486,19,0,-2.983008005091467,-0.12688118240892843
176.90695995131898,38,1,-1.516915199275764,-1.0865565364645469
173.83027592410306,70,0,-2.7345139734866013,-1.6110250716263448
162.7124867006026,46,0,-0.6853151352988718,-1.7172502760486101
177.91242545947142,48,0,1.2529422518098663,-2.5570520790687237
159.70884461885964,23,1,-2.7788232675467435,2.654078761045838
163.87756352463992,19,0,-0.005853573874970319,0.28876284624735504
163.24038496604825,64,1,-2.857734501489829,-0.6644083507846834
165.22167896745952,70,0,0.8957368033695436,-1.9501594665899837
180.9975270431427,39,1,-1.7115611079320578,-0.6325119365238887
165.86210448406337,36,1,1.3596877831148575,2.6623758194310296
192.62390407646154,34,0,-2.254059914295058,-1.9443964752655163
175.74994662674885,40,0,2.054122255420628,1.2229682378883773
187.60548680190882,68,0,1.236386748336944,1.9736430798468998
188.68924108626857,60,0,0.3739228379447459,2.0867154462639803
160.14504215147005,61,0,0.8209431702049619,-0.3188081521495403
192.95698590568907,50,1,-2.7903316224570074,-1.2321442177410122
193.63675964113392,50,1,1.7046698072816229,-1.4575779997255172
155.34500844714117,69,1,2.6062825844621385,-2.2687318137852577
153.7573808841035,56,0,-2.307156363161316,-0.4799800632691147
177.0977912448528,60,0,0.42630812700772447,2.648538834249015
163.60969045172777,37,0,-0.2369918372812574,-0.9209620324576235
169.1514557635727,50,0,-2.4095085162168295,-1.1587683156632866
175.23394571867942,62,0,-1.205196867637986,0.15846401300323443
157.1320663604236,51,1,0.23620110490713175,-0.07156061634893396
164.15336101901715,45,1,2.6252937209988882,1.5505923946174294
168.7269091044275,39,0,0.3580757067198359,0.20792561516542474
186.83107036062202,52,1,0.45166131718712776,1.419665419730868
179.689273051372,26,1,-0.4695445341740725,-2.6689607392915424
197.45362475701876,43,1,1.1996845440580621,2.1363268806538684
190.23037576328676,33,0,2.7179722872069405,-0.030231251995940678
159.7659790597165,62,0,-2.1944607597673342,-1.0371128720224152
169.82517912587804,51,0,1.207280101725038,0.3160157035995237
163.25606181901088,58,1,-1.075622050729196,-0.8229635298755094
167.26125460483092,61,0,-2.7717924957208906,-1.7517814794733328
179.25721789391488,39,0,1.5007311154520666,-2.0062467836186935
179.79494469170322,27,0,0.21261364391784454,1.0681071342220925
193.8696394284753,22,0,2.013494284244075,-1.0627103944990721
168.8602624720791,49,0,-0.6618227797104597,1.6147539944619904
190.09880148222362,43,1,1.1838592393825298,2.5190196497991035
184.81658346296024,48,0,2.7837594299407638,-2.168770363183107
152.82388745530088,61,1,1.1328691541819262,-1.47206484646838
156.04515949253476,63,1,1.6571461823849596,-0.11384650273865304
170.49596323599985,58,0,-0.1958054066038004,0.12942584327185536
197.8284461821181,63,1,-0.7019612579807211,-2.1537522451558315
180.0979800385579,49,1,-2.9814179349204366,2.759729311525744
186.65320629489943,51,0,-0.19835894602390391,2.6649917540140384
150.44221211645126,38,1,-2.559404688681296,0.6036166001911631
186.2277491972573,50,0,-2.4018639251104865,2.4468638190499625
183.83569763490797,58,1,-1.0612038182430068,-1.4382470633664086
177.80849904104204,38,1,-2.603660294107667,0.8452383884592543
166.16021057174166,49,1,0.8766064705420771,-1.5538308229118802
155.36475808384785,52,1,-1.4183180487433393,-0.09816959417743609
159.38042465791577,41,1,2.8153207809367657,-2.9066764373575213
194.10346577557277,27,0,0.4130548599520951,-1.201234918758078
179.05121319878052,26,1,1.8663829384101591,-1.1818631563794861
174.08818197823084,59,1,2.4476200291277843,1.0308292545534457
181.02157151426482,44,1,0.056244062659805305,2.848788796490343
174.8599708189663,64,0,-2.225693058642035,1.8219125953454602
155.49547104707324,24,0,-0.935674161910947,-0.5422698589342407
177.56146133931674,62,1,-1.9099244047137207,0.06208084868986319
151.11635733026574,24,1,1.7596685593229244,-2.335013238249676
186.50316651540675,22,0,1.977014113785808,1.7908827024113414
166.5745903542611,55,1,2.721082316323977,-2.972867679484439
194.47891169686426,47,0,1.4506321933666602,-2.9378256538813745
196.64745832690258,47,1,-2.5313805322295444,-0.296853367039398
193.19698345907128,43,1,1.0873094577145563,-1.3165690191810533
167.36810316278766,20,0,-0.4040860418090153,0.7520248224338029
169.2164072905693,47,1,-2.630550490605085,-0.5868727377671226
159.42471188426288,65,1,2.356707029149124,-0.5564712230566862
150.64344224154075,24,1,-1.3304836188011522,-1.9313681273212069
166.1363706751292,41,0,-0.018926538528132753,2.896813998106472
199.03543352732208,22,1,1.045436723863621,-0.8382489453230559
160.8912409716072,46,1,-2.7728845557209136,1.3123594217872405
153.68458333980234,39,0,-0.9642301691791451,-0.696419589788861
182.92594384491184,28,0,-0.7788904385773128,-1.1966894437990239
173.058972145868,44,0,-2.1250581334585066,1.5211950927634286
176.33039699887922,56,1,0.04611691936733031,-2.047636825980875
162.0934554834575,32,1,0.4357843629519542,1.846584016424277
164.011842225509,51,1,-2.763857990540045,1.15279696634036
192.85005851813332,68,0,2.6165483505206666,0.3252512910731542
192.17695343044636,41,0,2.2771367962003026,2.133034112798792
178.87963188060687,24,1,-2.1110196782461963,-0.21065194261957387
188.78874111669472,55,1,2.202031054718275,2.9227625279016776
188.45550504964638,26,1,-0.3676085106289233,-2.1276377963891564
156.45305973228966,25,1,-1.6157777977827208,0.8089812001573642
186.29024072350907,43,0,-1.8744172776510457,-2.2550047253520127
154.61593352636552,42,0,2.9651280707909367,-2.347588270263717
185.5543357408149,27,1,2.0471131567438148,-2.191411538330494
171.88618963182716,53,0,-1.0945797422994004,0.19540490644054653
161.18734826250352,55,0,-0.056269908085342824,2.166989245253516
172.93934625328006,35,1,-0.743964466634714,1.283768134141039
164.2896000963146,43,1,-1.9685342520304503,-1.8623714079225535
173.4626462099685,31,1,-0.0911729749643797,-1.1184602927214902
196.2760291462597,30,1,2.971857588272907,-0.005897923029215324
180.02940782798495,53,0,-2.8874752535220303,-1.462378891477817
191.3622713430891,39,0,-2.8032033748279295,-2.119112251636815
183.27680859447685,68,0,1.9865543706516569,2.4311836763682697
150.0866984563689,51,0,-1.0268102285763374,2.550337209791378
198.22989761009214,69,0,0.0936048281840538,-2.496210700866658
154.2419029214875,32,1,-0.3372656063309325,0.8464956264644039
189.2074501439974,39,0,-0.5823032159319004,-0.5992045412368956
150.38470998856306,44,1,0.7552302404489328,2.2693149698728856
164.05307442705194,48,0,0.30073993116748987,-1.8511647457804354
181.46276145360918,46,1,-1.5317271292562888,-0.4567070634054349
176.6380830735319,24,0,1.8625041339041122,1.3056293889747126
183.1606554309275,42,0,-1.1564191393062115,-1.9600678311152704
171.27384547503604,48,0,-1.0077637577137732,-2.9563310179934015
185.3541070001687,64,0,2.8401706586824425,1.9531564035741722
192.50066856265684,48,0,-1.1812532342671633,-1.3277043078631592
182.51061035746807,21,1,2.2866988209814583,1.0181920778540245
152.5114903443231,55,0,1.8500491153896412,-2.440977572454514
172.6487774579559,57,0,-2.895381139421817,-0.23697363046920694
184.2472395021646,63,1,-1.1161853570222164,1.0596213825878111
179.90274258561647,68,0,1.126454324302907,-2.801199652992922
170.41269660105203,60,1,-1.1851877565289117,-1.5286756196614488
179.73771501285026,55,1,2.2922489082361475,-0.2202601012803278
163.01822198229948,46,0,-2.102856802926542,1.1013028065532593
185.76797803939482,55,0,1.2551294857726836,1.2399026183312873
192.02106953515937,41,1,2.7665826438742185,2.2744686149610045
182.13339184761483,27,1,-2.7845400083462706,-1.2427206637806083
194.24643477329076,36,0,-0.7147952524857084,1.003036472426456
176.22098798916286,68,0,2.5207069495780265,0.49416919483341104
168.17389374535483,34,0,2.3319236170625715,0.9571940852852983
154.74151429474506,68,1,0.7850788107219779,2.7765218865493004
171.1578964924114,60,0,-0.29913845778393444,-1.6144664680015504
197.9617487797411,53,1,-1.1021334087147179,1.9025412202636005
186.9852490395644,44,0,1.9226742864856412,2.2342688278160736
179.1194832305605,28,1,-0.3101612428175202,-1.7020485021382814
167.61587059388916,48,1,0.09954578920772583,-2.748520268901859
181.98888160360517,40,1,-2.665422372461908,-0.010978499460749358
168.52271008571302,59,0,2.7390048346474662,0.9022816836637224
164.9036014695917,55,1,1.2743880182188345,2.629574909176214
169.0464074832257,37,1,-0.1615301099054256,0.9750389605173821
160.27658397326528,50,1,0.9469146934180679,-2.551301496736835
153.49524062308316,59,1,0.00138454451221115,-0.2444007986567991
176.14839254560985,20,1,2.5143535422914116,-0.12100418999786511
179.86866803911514,67,1,-1.6224735515787845,-0.5265578583138382
186.38846604373362,41,1,0.19946344111372305,-2.0570983811484074
178.65005856945226,56,1,1.5944974014796092,-1.3335772279929587
175.92087776292303,38,1,-1.2571606393881738,1.1061658367384117
199.7070014728149,37,0,-0.12917125037365462,-2.2429970223279687
183.63483989616827,21,1,-2.2859102801803255,2.1725633591354088
193.7100775827586,29,1,0.662716302952771,0.8366353357526277
199.27472485903215,39,0,-2.218495044943893,-2.28800129955887
196.08346615015267,23,0,-1.523103125273528,-0.40467769403148246
189.48860661067238,22,1,-1.9501269360685398,-0.8898981687440202
191.69114992944392,65,0,1.7996103193247404,-0.7863296099351857
192.37091363510206,53,1,1.2290676172844561,0.6383606019888273
179.57776559859946,56,0,2.8031834864987273,-0.8813583149085193
189.1494491666308,64,0,-1.7792969616768004,-1.7289002374694893
157.43986047736954,65,1,-1.1255965608514797,-1.5057188902794751
193.12529681981692,48,0,1.8278420022380004,-1.417346495356048
156.147701837533,52,1,-2.6161106268172514,2.469364928920765
196.9177995299275,20,0,1.6451368817060414,2.1077297650744837
179.54486011519276,24,1,0.46052660376714316,2.71774468909412
161.8888204839562,52,0,-1.849060001887963,-2.392946493256101
166.95371566656317,36,0,-0.20410716575505106,2.520450225163758
171.30240356049595,59,1,1.0501787905645807,-0.713435413312907
197.1514644919402,18,0,0.3249012648131697,-2.607682969534854
180.7692631627906,52,0,2.087078521325483,-2.896438620159397
157.99624913463242,36,1,0.8371651879346125,1.6949410178036581
167.1843892863539,25,0,-1.388213931319802,-1.579048844317398
188.73902102038988,37,0,1.0635951219254345,-1.8072914624890748
182.30702194332906,45,0,0.25654980241211334,0.09828803632838179
193.55366647559595,22,1,-1.139923875719743,-1.4409035897234581
162.79557988546497,68,1,0.0835725331358006,0.29714816629269825
165.61231146601781,66,0,2.646925803596118,2.2108795685264306
195.40786340155967,47,0,-0.5199047675383066,-1.7526953931919156
187.75574535058865,56,1,-0.9129161408030484,-0.6881252036106589
155.2476313746635,25,0,1.1613535354222968,-0.5724861226319664
171.12390617826554,46,0,-0.1056863166392108,0.9277576919827064
198.017433250063,67,0,-0.24148976548731182,-2.6307392839379644
192.08029640129158,69,1,-0.2551826470776186,0.04443890644534676
188.4489084304177,38,0,1.9414723192338998,-0.7686017243909715
170.76085897171757,38,1,1.568391763423132,-0.3105830644037302
172.5357596205675,65,1,2.1784250242063736,-2.1418860288681225
170.04788269430006,65,1,0.9531195406007544,0.27998228501743583
166.2006176276122,50,0,0.024944072269691198,-0.9319434075763158
158.42601007486223,31,1,-0.22878552787287898,-0.5103103289499984
169.652729171378,66,1,-0.64854421059654,-2.1745419307233034
152.8534947240375,30,1,-0.06155301382342415,-0.7950272714382236
194.85702346040955,44,0,0.9068671478194927,-0.8003393368132357
152.773463835447,35,1,1.330191596179679,-0.07818641760041878
161.0304081145045,26,0,0.6109120712474052,-1.5640488765144351
181.28682622859054,45,0,0.9376994894990185,2.9072009444211693
186.13193505505737,47,0,-0.7272829849276681,2.5685994523311377
163.53286748519832,58,1,-1.8547436283266454,-2.8574307986622944
156.96264445636564,69,1,0.07237855627121403,-1.6716391926024476
179.21448204039885,51,1,-0.4760492295732095,-0.8529771393074563
174.0240416382543,29,0,-1.1136786565139651,2.705915251599139
175.15361657987728,19,0,-0.5946494966488496,-0.3434414936896779
198.9863046915697,56,1,0.922842349581039,1.6717282744353925
181.4307416131322,68,0,-1.2425383876664473,-0.6241512296827567
191.08989428499217,21,0,2.220428842949656,0.680974683866773
188.8234088072111,20,1,2.5634114598724045,0.2829343658545058
165.10522477114014,32,0,-2.5908383923727754,1.918149242265013
180.70353788779968,50,0,-0.26262054430895354,0.23944037456805445
182.71718851759476,56,1,2.659204662470046,2.7803855384814513
191.00715698040418,20,1,1.2035149348704435,1.7037452522830314
188.52758919562143,28,0,-0.9925506157919539,-2.8372764704009263
162.3364829514736,58,0,0.8260331536758363,-1.989015072296011
151.22911283568186,43,0,1.3490891896015267,-0.914111579658138
170.0717104890313,40,1,-1.039540330569211,-2.3038186294729863
193.91076389895744,28,0,-1.65685262355511,-0.49515876054381014
184.39150107394022,34,1,-2.8095806958861416,-2.435577593832043
156.1942406973343,41,0,0.023646908776005837,-2.223587136199237
174.15920493922684,44,1,-0.31955134306889255,-1.8579775467092214
199.19406613164605,31,0,1.5228841534807458,-2.6599395953061906
191.17061825126734,51,1,1.6670622520682343,0.1733750910371823
183.70001173315427,50,1,0.6151057439722254,-0.14353414583127577
168.4456120308614,62,1,2.988315041729731,-1.8438883046847923
163.0822417556503,59,0,1.9968597287042424,-1.6493902523036363
169.13733461996472,36,0,1.3017674920108302,2.7080776171645384
158.18304920712134,20,0,-1.301699108279495,-1.2104910868013583
184.1061866383487,66,1,-1.4302100649852378,2.768776964110039
178.0351565757246,30,1,1.6064727041122362,-1.5983155277487793
183.340152022869,20,1,-0.7043289230074685,0.7779276996409825
159.0733047183639,31,1,-1.4615251169553347,-2.813797215752209
187.8239009942941,68,1,-1.986352312089901,0.7594254067711845
170.71508407960658,31,0,1.5894432872752393,-1.4013720550482769
184.7436718103938,22,1,1.1176594117897363,2.8567838290387293
191.51855259914186,31,1,-2.951054730008716,2.4367856772823373
176.99817849021585,55,0,-0.46716207534469056,1.0341096138887798
156.07898887604838,34,1,2.665777333832758,-2.2752261572712698
167.6953208527331,45,0,0.15480123041605065,1.5582461307394206
160.30139649114346,43,0,2.7041542290874556,2.596205249135001
158.09802381906547,49,1,-1.7700291440266638,-1.9783769705271659
189.95255631214255,19,1,-0.5609162714973648,1.023383181464105
159.8337678166445,28,0,1.4964109927197544,1.6866112795169936
159.1002495291338,66,1,0.9049157628253992,-2.282112722843553
192.78562634907257,33,0,-1.1909777324569752,-0.8335154734933035
199.54837037783764,28,1,0.5875183360775758,1.1444236224215105
167.45069851284617,54,0,-2.9914418440127744,0.8310120102552414
187.12097808513985,22,0,-1.260831483308655,-2.2465703558750487
176.1655119075778,46,1,1.3885935264054368,2.9455851603299568
153.8914840455944,34,0,0.8862716401876671,0.9496575282588493
199.64668008604784,28,0,0.7014664275416989,-0.7021425390387432
183.0471855593509,57,1,1.4427103600928515,-0.0385574652190801
178.41022372368857,30,0,-2.4239345516369992,0.9230992226595047
151.8084648030627,55,1,-1.7933180089435983,-2.997991283793625
157.3657392690317,70,0,-0.8361994863809943,1.6528713407390523
185.6768886034928,35,0,2.428494882650069,1.4438097165186914
181.7425029261033,32,0,-0.8708027185535632,1.8318368439947461
168.7576166766001,57,1,-1.3380517035428028,1.6857164979668617
195.56188743258483,54,1,0.8535115742455206,1.7575688270049543
169.5703933587548,54,0,0.2999343916733359,1.2024288638872473
177.450437768593,58,0,-2.472743555356521,-2.5773315337194003
189.670177745032,23,1,0.9666447510312297,-2.6508346361900537
198.88763664584604,68,1,2.5780212877226916,0.4744083337846199
165.76590520474664,40,1,2.0007753745598764,-0.5789226925194986
195.09463564712382,25,0,-2.4784042458307978,-0.8515887715758534
176.59380781590284,23,1,-2.292581607250736,-0.7554016685976928
179.36371495146386,54,0,0.11021022874697195,1.57345590340356
194.30859010737555,31,0,0.14206522008850975,-0.02218364197097955
187.85215142076845,42,0,-1.7846227682531988,1.7834632751415418
168.60011663038307,32,1,-2.7272366265519863,-1.96488825238357
185.12142151077467,33,1,-2.115497869572393,0.3924888518921703
182.8671333019116,23,0,-1.0487414589323367,-0.9697485638081078
196.72312461687315,43,0,-0.8416389392443531,-1.4131643986839486
171.0063506392299,50,1,-0.11155364970266657,1.6246695720741773
195.46329917201058,23,0,1.8564518243414891,0.6939684513407354
152.57768749894194,39,0,-2.169118521958175,-2.61220939431749
169.34748101308557,28,1,0.7057596987404482,2.2383351381175425
157.92474233025706,52,1,-0.6200298331476177,-0.16089438381330634
168.03083286032947,24,1,2.6393350753818083,0.9623480414842396
189.15204519683144,66,0,-2.4415398161415474,0.3726980023105648
185.62389292763956,24,1,-0.5269167045332681,-0.6809916002303527
185.89830611024286,61,1,-1.4389749029420744,2.5303368111587368
169.44733374575333,62,1,2.8288055080817234,1.70614609552997
181.62686999696447,30,0,0.7374194826098335,2.4946036071199433
171.40816796267967,35,0,1.4007083156440672,2.95070921269153
163.3918396657641,63,0,-1.8877569557150427,2.6825267679575475
173.29245034342824,41,0,2.269025474499985,-0.09378771550383647
155.76899266712672,30,1,-1.590098893203577,0.07825144452503618
199.32071981192672,20,1,0.7679256167165045,0.4529415920407409
164.4746404940342,51,1,-2.077498956526858,2.810834730753017
174.43123609301531,35,1,0.5320820065942371,-2.9237637628255473
198.1228345411882,18,0,-2.321700010623445,2.6082886734870367
181.86536142153724,58,0,-1.3047823183679796,2.9998140312691133
172.7691165269723,62,0,1.376900552970942,-2.1036236679898717
155.98019673743607,69,0,-0.12392997554520857,-0.4139733317975147
167.89920983804183,65,0,1.669039351031917,2.8527287705926643
151.6190042009908,34,1,2.393266262776783,1.662442906822351
171.24869912982243,26,0,-2.41316776926963,-2.2140233648782868
185.9277371647232,43,0,0.6752934590351765,2.0675857747009667
193.31161694836507,25,0,0.9352535376676405,0.33422765523174025
190.3043340851584,44,0,-2.6576550277154007,-2.483703989048817
160.72943984114755,35,1,-0.736520763236618,-1.638189487984158
182.39279214255393,48,0,0.6440036862043845,0.5138926624352322
198.0556677220936,36,1,-1.756637370522569,-1.1716268273174104
185.0252870111594,21,0,-0.8209384056994105,-2.189412898010454
156.8561261509388,63,0,-1.3555909457447717,2.0965727208518885
187.5288752458041,38,1,-2.1797313180417657,-2.755447886027865
195.74587860052713,18,0,-0.3277809118156463,0.7648741462034652
152.42857035408744,39,1,-0.43093761526315877,2.536809702220311
186.61416886216364,70,0,1.3928224417502708,1.3782536978852962
162.85591913893785,64,1,2.042012521742836,1.9329219418980603
156.35034505686411,26,1,0.44553252144289157,-0.8667172209942722
183.40365255001336,61,0,0.38336434585805446,-1.5433546511643976
150.4579651914733,55,1,-2.8514758861091436,-2.672949662005785
190.9597091519325,61,1,-1.2214489243874407,-2.840803640207354
191.56928590747643,34,1,-1.0828312842745769,0.746508005227462
184.52495083944842,60,0,-1.5404738879474271,2.0799517290349128
162.45997114412424,37,0,1.0705039052296161,-0.44571187196159556
192.26304138390367,37,0,-0.505530747936346,-1.3830668625805798
164.3525676766042,33,1,0.5040783325127767,-0.13724910509283106
159.69170669851383,38,1,-1.646359811302196,1.6327755997600928
155.06556238936201,47,1,-1.5648737816788216,1.5257426495763102
180.32657973401922,36,1,-2.389022349054952,-2.4518568225860013
160.9014002828649,25,0,-2.370836993087773,2.2928366186683586
162.63868012297942,60,1,-2.274072845405532,1.5026610834569354
177.52438554786474,44,0,-1.6764620481533943,0.4669923721164073
171.81295923841822,61,1,-0.21236074244392977,-2.711357429972176
179.8498646363162,25,0,0.44199543684204023,2.206367728864934
195.62699812575485,47,0,1.5437598244721205,-0.9874517697157712
183.69534453345707,57,0,-2.7465888720036666,-1.148163390664655
154.3608619325972,61,1,0.7170178449226952,2.2018023839118097
191.83873513306088,66,1,2.855515287816373,0.7207075337433713
167.41012413979735,51,0,-2.3500449184037637,-1.7371505594000693
190.61736063877544,49,0,2.644105413132924,-2.232434729841575
170.2527597414028,43,1,0.16295327961297357,-1.229946001488459
150.8419108771104,22,0,2.1957067477388943,1.435475456638887
195.28226373394017,29,0,-1.7655584535125197,1.2351886718279763
153.19415263834554,50,1,2.733891534891603,0.4007001993707644
174.26540574536472,33,0,-0.035609746901195116,0.06968751461135136
151.65820685143655,68,0,0.49206931551700794,-1.397079589297727
172.1210167640345,64,1,2.689923088690451,-0.6766223722990881
189.8000885759441,54,0,-0.6155751477043863,-2.208714144899893
197.7377617478222,19,1,0.36489715125672895,-1.134994517681054
151.29775178787506,25,0,-2.0582396787937056,0.5698302461661706
198.52206628517624,39,1,-0.8966076250540862,2.952460124626138
174.93560954925192,40,1,-0.5037351632051337,2.4121154551925503
151.86304626854917,21,1,1.615124901958513,-2.950418124582882
192.48890229802197,42,1,-1.4029584632998362,-1.2221030681060046
177.617841622823,56,1,0.6937697324410221,1.3977260262873799
169.0606529432094,42,0,-1.2134721375896018,0.9707434363112437
168.57060890352156,26,0,-1.8646050444958855,-0.8182588166064386
195.53098822080503,57,1,0.14807497862436092,-1.834548217267547
161.30302275796103,43,1,-0.22648673833887978,2.1152526157814915
180.4292786364446,54,1,0.33537449870232017,-1.604489112033157
172.34380715594352,33,0,1.5544157329127657,-2.7782173339862717
166.5189270796749,70,1,-0.4814972890556328,2.3512890884858715
152.23916029271342,33,0,0.12282576363906639,1.9499940600364418
157.74190653196857,44,1,-0.6919744492224078,1.0947096135837917
183.78890883489126,18,1,2.1413501512728654,0.053238847512229626
196.49267265867448,45,0,2.7983382602897766,1.2720798107908893
163.19557806153625,24,1,-1.0237384290213722,-1.8385205013918169
187.58080240932614,42,0,2.7420175859335423,-1.1542747503665494
175.76756125480557,57,1,-0.3355371861775511,2.036593131687874
166.86478015605113,52,0,-0.5800410822883513,-2.792737483844326
187.2922507410947,62,1,1.625793174043003,-0.3582531724706448
177.00003049817428,54,0,2.1319551341946417,-0.42635994500751195
171.5205105008072,62,0,-2.9241911082181264,0.7698163062240804
159.27028527859932,66,1,1.7767085566971659,2.743999000285857
161.4764104246303,36,0,-2.443467762796554,-0.31206712051852126
182.00066870412377,19,0,-2.02301186929083,2.2662983931023666
160.62908613403857,48,0,-1.3197461604480925,2.2807482330980955
158.3423211066526,34,1,0.9725197133606276,-0.9631072714540112
176.88318094559716,59,1,0.5505123180500346,1.2065158796203121
181.2101368903864,42,1,2.360446927538966,-1.6215429028441846
152.67285291471137,52,1,1.7665569281878524,2.866900091028782
190.9265433281514,26,0,2.592416434374739,0.9329656518032747
169.25902360140577,29,0,0.7877032143540434,1.536749400617631
160.56931972824765,44,1,2.1023624962832983,-1.9323981168226234
159.48793532741553,50,0,-2.0349620287496575,2.8403375560833997
177.41045674345685,54,1,1.9167062728038324,1.2146219354394816
154.7763556408923,51,1,2.3401245405624786,-2.1305884789625456
151.95853894293984,69,0,-1.6364740500039618,-2.4425068853740624
193.96127910827755,54,1,-1.4824770333785544,-1.714505018000619
150.5353532046748,69,1,-1.8461891414683063,1.2463283636841993
178.0645527740489,49,0,-1.5439569758520213,-2.0714080335927694
157.23033749327996,31,1,-2.2654243836367214,-2.53988492932847
179.19293553664565,59,0,2.9783854982270803,-1.1662679320391836
177.26050470091323,33,0,-0.2773806189243442,2.4720878126269907
195.11469507088037,58,1,-2.677105860012539,2.9841867522421612
186.93101403367592,43,1,2.2653156955631752,-1.9724970898652296
151.3512297838087,20,1,-2.2615119876903678,2.3625079520277836
160.4056721043167,59,1,-2.866697028930335,-2.1096876373155147
172.67522325979238,47,1,1.0127065757380187,1.0843806039362622
154.5701110329685,22,0,2.6767031440071323,-0.2002435310417594
158.8776984140385,35,1,-1.348389762092581,-2.180690749573613
159.54918714450537,66,1,1.2196586438754498,-2.3272145512231113
156.50465963731972,24,0,1.6403471531447664,-1.6276037980128637
194.43890238742765,25,1,-1.3606855139461844,0.6974342821228978
179.33418623114076,52,0,-2.931280880761443,-2.7235145227678115
158.9562588422863,48,0,1.1342125127733826,2.5652070000169855
187.99762632512835,52,0,-0.7515461225476381,0.022980356451833384
176.50233981127457,23,1,2.947434966958073,1.0521543259672486
189.61619905199552,65,0,2.944879847290313,-0.9056262325952158
197.78491033300196,59,0,-1.569938692308397,1.6412922064899398
161.21837768826546,65,1,1.564376335828829,1.7623629841399415
187.24189100325282,25,0,2.5412749259297867,1.8408574829720017
160.79034962319207,39,0,2.4738666179520665,0.9423363172448251
161.42866021891678,69,0,1.343742254235746,-2.932328213265083
164.31194892135093,62,0,-0.31666144232974114,-0.3322592323967797
162.6848331183659,32,1,0.5216180184640873,0.4330379519123517
195.01802527822548,64,1,2.4128493930895614,0.18489724758086368
174.24995876915827,55,1,-1.2667427239867028,-1.4471168325246255
168.98341253437704,26,0,1.0985038424710059,-1.5138726164961223
199.35088846512633,31,1,-0.460289545817377,2.1863951706652376
184.06546764634473,46,1,0.1375401680312951,-1.6656248052313023
198.90067044620753,19,1,-0.8819075102492597,-0.25606806932503057
180.54799092136858,65,0,0.863973818270912,2.8289565949346347
158.9031492499562,56,0,0.17295733867330565,0.4316538439700013
163.49597275266433,38,0,-2.064859793035515,-2.6537299114068627
165.84024852661776,29,0,-0.5141995330208262,2.8821127351146902
171.98059732263488,65,1,-2.4669258223123363,-1.9435907677173179
164.561924612609,57,0,-0.06989635570264685,-0.503569431888673
198.1791647948459,22,1,-2.568656923954205,0.11342787928090292
150.2324148804575,67,0,1.4664587203539323,2.0511213829526582
170.81260491989258,27,1,-0.9076835317231966,-1.6759836033248459
173.58628772323908,57,0,-1.0121733121824756,0.7071659695289263
161.6096083045147,29,1,0.5001114364183108,0.4410989301539776
159.57803249690718,50,1,1.7334004091461654,-1.9809855203235256
178.19337268428626,36,1,0.267868774058424,-2.7379324836377763
178.5550874777411,22,1,-2.9357995494349676,-2.2026890080465917
198.42218907736378,53,1,0.6847234595465297,-2.396835441065442
175.65143204879573,31,1,-1.6289338530920656,0.4857761382455821
184.95979994198683,34,0,-2.4993918992820294,2.879742149246119
153.24603415504092,31,0,-1.9948624971974842,0.3099678261994754
170.18859602960217,45,1,-1.871709253158902,-1.78884107845322
152.3020159390413,60,1,2.251740441731145,-1.4982247133421276
173.6590094445907,23,1,2.7580570379852194,-1.2366315455626986
189.7167679904537,24,1,-2.2265653791866766,-1.3211443629439366
158.01806345435514,53,1,-2.910541031858937,2.307399756501243
163.3323627564071,67,0,2.727050605395979,-0.36292189249383
190.551685155637,36,0,0.8431246643226658,-0.71415887460783
176.40287453683402,27,1,0.5880035464476743,-1.9963121380290272
174.34763181133502,25,1,0.47640228660292294,-2.9404293870003717
154.15333058215776,56,0,2.9183001664116244,0.8022486335908479
182.2968013728796,26,1,-2.9705133458461104,0.7181326613447752
198.3493767170081,54,0,-0.748808093588532,-1.5576258438227935
193.05765628984432,18,1,-1.3350388398629902,-2.59333821676799
184.25279271766698,59,1,2.53054395574227,-2.3842001253675447
153.93243251583553,38,1,1.8342459706373422,1.9828753763522444
179.63299305231558,69,1,1.685378938390139,-2.469017971519426
177.31640562071172,63,1,-2.5066430985679142,1.0416437396486344
181.59835661648668,23,1,2.2180263380971406,-1.184972948047612
153.98218412581716,53,1,2.791932343188816,1.65799822701862
182.78409679264456,27,0,-2.367578594807345,2.9621118005181772
167.23348410571123,68,1,0.07118969517192131,-0.6146462512780522
161.25536469606448,62,1,0.8090209310576144,0.1229565082052293
150.17878317855386,63,0,0.4712704486359942,-2.4657256096605638
191.73566280495103,34,1,-0.9693409944982245,-2.6892160667272065
172.46573762839472,69,0,-1.2746356323708627,-2.989611081885839
184.4930856499253,52,0,2.5618299373765714,-0.2744426721286688
154.25365348187202,27,1,-2.1581517425906984,-1.5098877802553747
155.5465586292342,31,0,0.67855681575998,-0.28126794528595633
178.35937461154748,23,1,-0.34503585302346673,2.21939513173319
166.26705769257632,35,0,-1.4043262918450008,1.6122029250583516
195.18839597696652,28,0,-0.6543438177272431,1.7168982978890668
183.45696161525228,22,1,2.301584321809779,2.3750748547068623
160.67356687907184,63,1,0.3424542614435424,-1.0789296788220684
166.8218735939622,31,1,2.3205125898610124,-0.02445569019543159
155.27190295381993,37,0,1.4399574878749801,0.3804225635427123
192.43679831488623,45,1,-0.8601861694588537,2.190726186765681
166.73316645962012,28,0,0.8020313951448585,1.3270701555899276
184.16540601701666,57,0,-2.562210544595537,-2.7719451950646365
168.6608858038248,22,0,1.2478773421011429,-1.0127510837387463
174.77744271279943,61,1,-0.8237291958072035,-0.9945079426547481
151.51034896056993,67,0,-0.9558621755477272,2.154199416218148
185.42803939103828,26,0,-1.4124570140211863,2.426683970612415
152.12838322886162,41,1,0.888407338441108,-0.38738577723497647
156.67789257212678,48,1,-2.3253778934523983,-0.5681998861309334
168.81251353246392,22,0,-0.7572518719953361,-2.4029902472821307
186.02058657226974,68,1,-0.41166014705066933,-0.4627748179901894
191.3091821463712,56,1,2.067647745228829,-2.06312521504017
164.6292986208934,30,0,-1.7078692386880672,-1.1263090547527674
170.97164453172556,57,1,1.0399117636970088,-2.77366844423832
185.702046333096,35,0,-0.815827567897613,-0.1795134583368605
173.51223142293873,20,0,1.5087398914954573,1.9994077408656334
195.77395714206472,37,0,1.743714357911708,1.9109642134884375
198.37838373520654,27,0,-0.677025703757133,-0.8069063055552088
162.24756387866236,50,0,-1.1409862723555468,-1.0602307556759951
175.81023382687363,63,0,2.5490733321390877,0.5921785040904339
180.55556022529092,19,1,1.1806485131749227,1.2520198539405083
178.97645239307715,30,1,-1.8786866719138267,-1.7091117902136095
157.8068158980289,62,0,2.45688464337427,0.7362451937711612
192.660044627578,55,0,2.108263851933863,1.3349140840013112
189.51444653230112,36,0,1.4808933242346791,-2.4598400921024757
151.05939047240744,33,1,-1.9850232092960256,2.164159355498536
197.11190259107178,24,0,-0.8906743959801582,1.0780660816911398
181.1306491442188,58,1,-1.7264716870329273,-2.03444227241467
189.01171304462423,56,1,-2.5363348669390047,-0.017490830422470793
169.75996435132228,70,0,-1.1506761452687149,-2.8877555675390947
172.70980586298455,41,0,0.23347919733989553,-0.1622663837814633
189.2501162276315,23,1,2.07029232031436,-1.3106298978564868
192.935658222266,50,1,0.42467971007714,1.8723866948595642
192.59979984187785,31,1,2.8788062597304416,2.182645329380522
158.56719761974693,33,1,-0.9893415476018781,-1.6836153405931542
152.96527336043567,48,0,0.7420764956253003,0.48621430410777533
182.41890943077735,40,1,0.624986921775414,2.869989338575765
173.17196735796355,51,0,-2.8298563783847466,-0.3011386088232646
162.99468056584936,39,0,1.9055058995451208,1.2924658750745381
196.34690940194642,59,0,2.5811727239620916,-2.3312062706595817
190.48617139931716,53,1,2.9029412391511844,0.6236891693061599
178.9122061134587,61,0,-1.225482405523684,-0.1911550708721812
177.18513352369467,50,1,-2.4912188974510046,1.4260940686751677
172.59585318885658,53,0,0.5947231988664612,1.0496562555196665
155.189366264662,54,0,0.7699232950002237,-0.6194428413245712
157.57900947194722,23,1,-2.1442799903670835,-1.2154549296304222
170.88200336622677,21,1,-1.802075103166565,0.1872559584501321
189.05608426345532,24,1,-0.18166897370335366,-2.0883200078502444
161.513107140932,58,0,-0.26692227296027493,-0.45110682950507464
183.14527223246682,40,1,-0.45369081353993046,2.679711538629583
197.8980544589613,40,0,1.5507447355737156,2.6354882969503697
190.67882073258528,49,1,-2.1961486672509696,0.5074198405821266
181.50583273646484,59,1,-1.2521058349180787,2.6996350207949913
185.99234498120984,41,1,2.127365789326632,0.8835948295906908
156.90662010672133,21,0,1.8134738335876097,-1.5891130751700446
197.05838168207674,36,0,0.5703919006327958,-1.592851244271158
164.21808564880436,30,0,-1.6885881576172292,1.4290816393731314
175.26003227124716,26,1,1.165742282940685,0.22345848301411575
186.30318607535978,33,1,2.4385250808848165,-2.3650037473704253
174.4512518648788,64,0,-2.710774770028832,0.5373527069723321
196.68944031399855,67,0,-0.903064538920491,-1.4045408218922293
162.16414902636186,58,1,1.9001425692838199,1.570798375019459
163.59575707782224,34,1,1.525492127132381,-1.0407876155231581
185.5328092015538,64,0,-2.465567087410967,0.5510095283874739
187.15059117877215,64,1,-2.0054921422847274,1.9796495137226726
196.5104985115418,32,0,0.29002770237221087,0.5782161208442984
198.65300639553863,56,0,-1.0009068955634648,1.5612454493979886
183.57543482336501,66,0,1.7894518735010978,0.40822900195684575
169.8957512623437,56,0,1.9666428666611875,-0.39314886712565533
163.80360708872684,62,0,1.5399059746466675,-1.348188867846905
167.5889220750307,21,0,-0.18692113008558753,1.7366260230334936
191.9673454966848,42,0,1.5995083115175674,-1.2616409442974468
151.49922096499787,53,0,-1.4710692411388826,-0.9421208668289798
192.14212761956674,60,1,-1.1996141018363884,2.383210990251616
183.07161219415795,38,0,2.4656304296345146,-0.18258530938446516
160.03048706855265,45,0,-2.674114982685743,2.724954333196207
170.51157415037005,56,1,-1.8361865050800483,2.5096623960078484
196.22275085302107,32,0,0.5403863592811815,1.1902538265292968
184.77620437826712,64,1,-2.9008210936392183,2.6922581444597533
159.02800733497043,28,1,-1.4447701644437771,-0.6376978772451682
151.31587201032838,30,0,-1.8096487734975348,-1.3557546110284173
168.37458279186524,66,1,-1.66941760546367,-0.4156998350351211
191.42879914509217,63,1,-1.7423457636835697,1.7123768126343704
154.48900549786325,28,1,-2.6382374646700995,2.7895113451125546
197.32650173029378,39,1,-2.6240622604619825,2.5803044831153645
173.78379378926994,42,1,-2.379720675773684,-1.4308022541007994
194.68146858692472,43,0,-2.52071927480374,1.6020057598949666
175.32938446365714,53,1,-2.814119879545379,0.5014884832466731
176.66412612070147,63,0,-2.8767817545294,2.670153347766096
151.74803403084834,45,0,1.7524264198972412,-0.6555286345445852
195.8928770963858,61,1,0.9868609922355338,-2.8555477150708994
169.71899595466735,58,0,1.6551990249894493,-0.7811538842416543
191.29283249648952,19,1,1.310817929894335,1.1497537929982347
163.71657528548377,68,0,-2.205282097369238,0.6610806892690819
170.57443470232937,19,1,1.5756817563824121,2.3196245239257554
163.43475443273576,65,0,-1.3119627668718628,-0.7345830138606573
156.78910813540583,20,0,0.41446233948095923,0.05875588000184129
194.77199712618818,46,1,0.31716689167949497,-0.7674596230375048
161.97342859139138,64,0,-2.2442161494410175,-2.6849825439708397
178.28682251686615,36,1,1.785013817223156,2.501440690723995
189.5963479362619,45,1,1.3823501954581712,-2.3710668867842735
183.95591402883628,54,1,-2.741254476098158,-1.8917719654564604
177.37872886850832,35,1,0.19371049866441048,-0.15041363371039562
174.52033299372943,49,0,1.6133639850448809,0.6576241961814571
185.28422316270485,47,0,-2.8336430901861616,2.973930805181248
180.49548205616492,43,0,-2.354592542541477,0.13713994666738039
157.0023075055025,20,1,-1.0631818789519136,-1.5724581708208358
178.4898845690579,58,0,0.7950390950534212,0.4160891068736543
188.9956330092464,63,1,1.1445946459427336,2.313767529530904
163.99640825651332,35,0,-2.057942653073552,-1.3619775903776348
166.40101891594378,21,0,1.2640585593765037,0.5625737137477742
184.4492936712545,66,1,0.9639620252171741,-0.2890821223298068
170.66419500146705,54,0,-0.949445862961579,0.3207696390594803
160.54079303914253,23,0,0.22703052825377146,2.246326659737748
169.6368106978912,24,1,0.6597419804955598,1.490609111323825
163.92258680790835,41,0,2.7774735733015046,2.449672379124457
181.08891514258116,24,1,0.8705857804784212,2.0532212001102987
188.3026553854433,21,1,2.9611198140034425,0.6725688820597986
194.52445614253648,66,1,-1.4252768369604059,1.9612558811081406
181.9303637293044,48,1,-2.7502730553418386,1.315070668604167
154.82788052030494,32,1,2.1424520986820488,1.3891166406552067
173.9870100877187,44,0,-0.4342003450375076,1.8916948828039457
161.70251984785497,19,1,2.175308413151898,-2.8729691668022257
162.5575171398777,46,1,2.8356293078207617,-1.7448004684151492
150.65165900609588,64,0,-1.4915168217310437,-1.6507126627385733
158.66054289800655,69,0,-0.1674605380447809,-2.695086059104021
153.08035710806993,40,1,-2.5810489136497483,-1.3021744296850128
187.0296700928149,48,0,-0.7209374474385637,2.721295839336795
199.68152644769094,60,1,1.516142087819837,0.8667591482860022
173.00383882323652,46,1,2.513560524082995,2.0149311951375495
168.2949524400351,51,0,-2.3831187317591676,-1.5313156305055386
173.63383963552536,44,1,0.721879476248751,-2.6274311565372805
179.98524799297516,27,0,-0.6798350234424757,-0.22744449111956166
178.79522582940203,49,0,0.40250804083385994,0.992888516445892
152.03391888308903,41,0,1.0229981063134828,-2.602607144253803
161.38660621989612,27,1,2.752092092972301,-0.3269012998945846
178.20244775729137,25,0,-0.4223114823653429,0.33602096844219265
191.6423717197658,21,1,-2.9447905931448006,0.64854829336491
166.7634430311546,65,0,-2.1390619555024544,-2.3070558018793488
161.6989815763158,62,0,-2.122255644066853,0.0912257482672505
165.43047575051156,70,1,1.0177020123469838,-1.3648464962693556
175.08723955502006,61,0,-1.070610526505093,-1.6884940691586734
166.48750066229857,45,1,0.5671560931618256,2.9365147719093816
153.149683767638,47,0,-1.916705548483896,1.408755762748564
159.9738108815315,47,0,-2.8823781590037747,-0.6938325333346107
171.63755601359262,64,0,-2.5772189189373496,-1.4667572829075703
166.30189928180906,53,0,-0.6437703605418839,-0.1967343196776432
197.57222207662267,51,0,-0.6699239231985068,2.574607098645979
183.91371248826403,55,0,2.6010941064678867,-2.621512787957894
153.50965827764048,28,0,0.8155823339892079,0.3570405307515321
165.59596141203963,43,1,-1.211015310105319,-2.227678774732028
157.47404296079193,44,1,1.714949970226261,0.10738582649189787
173.38974747007384,36,0,-0.6096865649690288,2.389522912196309
166.91244594197585,43,1,1.737307161697367,-0.6012149120714674
167.0150364595493,56,0,0.929319090401389,0.21259469828071031
160.49072379051842,61,1,0.012144632446312364,-1.3901071618715148
175.9909135216094,27,0,-0.08491687958431315,-0.5893104679987173
199.85636248707812,35,1,0.20666004359587564,2.7944653160794504
172.80118995678208,25,0,2.3053620178428513,2.735597023416254
161.14140653178842,29,1,2.030778000369489,-0.7419318411000435
199.21084935822716,38,0,-0.49505275883264055,-2.320308035142527
164.83683288206322,29,0,-2.905174629613258,-0.9588011996582191
199.93298708940537,53,1,-0.8311845384116165,-1.48107708917607
189.44646746421145,43,0,2.4962628755096787,0.5323259411795149
158.75204147304666,21,1,-1.132901688385537,-2.158115203815413
155.87440888055477,29,0,2.92924152340383,0.7874583819843446
165.50008720243923,47,0,-1.6071748702019009,0.3047303845112781
163.69789667789735,45,1,2.158265380312833,1.4597999390755954
161.09963259304678,50,0,-0.41477854314043405,-2.5733796414728847
177.24218630114416,68,0,-1.589965672043495,1.7663715077202262
159.3457827552781,27,0,2.4864606435162546,-2.4168574752139644
174.72985186291146,24,0,0.7108017563712812,-0.43612837039860786
199.82641071399186,35,0,0.4898982129465077,0.0899267072225074
175.89371874772243,55,1,-2.92163989556223,0.6442353234593559
169.47398224070173,19,1,0.3070815687583055,1.373981633370816
160.81901613189322,51,1,2.7848781948471153,-2.162381728171029
192.208788052695,23,1,1.8116465079639852,2.3267906898169537
155.62245177922432,54,1,-2.1350403420511315,0.44447782583223105
160.09491157704102,57,1,2.037155662704433,-0.749041506123767
192.34648444307177,21,0,2.888932378563384,0.52313041953242
170.34362866644636,46,1,-0.07940577360487167,-2.4943812824108695
191.10251823059116,23,1,-0.7711175163454298,0.421006084174695
167.74085484080067,32,0,2.1896882849774517,1.806645111485162
174.61542229264464,36,1,1.0050830501447896,2.74954985780973
195.93786105072695,63,1,-0.7978728519266824,0.22953178023454512
151.59409345748605,46,1,-1.9328797388571861,-0.5485917963418863
197.0357997091832,21,0,1.0010062015139258,-2.3135432244515144
150.9415151533879,48,0,-2.243377710604657,-2.880157256139293
165.3739001306477,54,1,-1.502829616674991,1.9929478827820546
165.05423613972366,45,1,2.3716791573146017,-1.101491992352736
157.53994919256613,35,0,0.11607962880295597,-2.8221560342037804
154.32804512193488,33,0,-1.926942067944911,0.15133018443149382
182.56009960725578,63,0,2.4703612007243603,-1.8208100264567508
187.67022278106415,53,1,1.4287498600873558,-0.3669805757288209
184.58143597562457,48,1,-0.14490391654459733,0.2684578799061095
169.36123833739035,57,1,-1.8120134112284845,-0.9090639637904392
164.53475222431254,23,1,-2.5093706188303044,-2.3795532428981097
172.38103670247068,38,1,0.5565788363812363,-1.338178992648078
151.43459365189818,45,0,0.06376797745968243,0.938544998288509
191.2216319720493,30,0,1.8402216750672427,-2.581810712602474
192.7479565005114,33,0,-2.6514719258854287,-2.5086578120746115
196.37709707291907,57,1,1.4546716828556487,2.9218784474398936
180.10788788760394,41,0,0.5240372865690399,2.8168321208530154
167.7832863294143,49,0,2.6997303515789444,-0.08894701540615113
154.87895441502647,21,1,-0.22181612333219158,-1.6330495017166244
156.74243460892623,27,1,-1.9079513719123775,-2.7614128510224107
196.95471913014663,51,0,-0.9182429937116003,0.5190260761525431
164.86727150168605,32,1,0.6370290183103924,1.18217918093257
176.4770401952154,67,0,2.164551065636269,2.964813297708427
198.2859899547345,39,0,1.8462696797795148,1.3527982803963603
172.02375389521478,37,1,0.6053567349248397,-1.0936283287969504
184.63212008948886,18,0,1.8788628296211094,-2.9026233558167105
152.6490574210481,53,1,-1.364762373522558,1.7452161284638459
193.83012629581546,67,1,-2.554537842686826,-0.5599284040808548
196.87055063547157,42,1,1.271267910408823,0.3893144219504787
175.58498401654384,30,0,1.3154208775056286,-2.0294715950586557
158.49576126286138,65,0,-2.1531033716615204,1.5855999309098197
180.37210566607502,33,1,2.9145938002050302,1.7966954466467806
158.11146953336808,22,1,-2.9608888825651127,-2.50501895310567
160.3954972481109,20,0,1.4751514122718454,0.7118033660267016
179.44756662725797,52,0,2.3670391709501617,1.383866885888188
158.63625614616876,61,1,0.7456457496255728,2.1462974514251645
186.49647552473215,25,0,0.031945508930636635,1.2284977404060609
199.0626947883964,46,1,-2.3401469006488056,-2.680222419717863
191.9004927192972,21,1,-1.684881159297483,-2.2629623808303365
196.01697081622478,68,0,2.2106774274344083,-1.8694552635512154
195.8348278551304,63,0,-1.8201851682570351,-0.49109201212288367
167.9404678621697,66,1,-0.7829353744031398,1.6795480160253256
183.36610482074693,50,1,1.1101124264955367,-2.0260320943337975
178.311546904308,40,0,-2.451862550293197,-0.9773013084375082
156.2382273991493,61,0,-1.6092163305273761,-1.2972680387595719
182.20109786297974,38,1,-2.659988783291889,-2.1983842568895957
194.0188457371265,24,1,-1.9599101925534668,-2.0021995341647862
169.98390854151518,70,0,-1.572638283895866,0.00616046405941395
156.80679306615897,32,1,-0.0448021101444791,1.366061230763127
152.935661289462,60,1,-0.638679580140705,-2.4270731185217995
157.08923214162604,36,0,-0.7673976039443002,1.4033443730038035
162.0188574517072,45,1,2.3268291409851836,-1.0695901278348336
188.3863533136625,25,0,-0.37362764443624785,1.544108926209569
163.7973483814164,35,0,-1.0510550984956857,-1.4233255671732776
173.33996666872935,46,1,0.851766247263503,1.3603623611293507
175.4502598287704,26,0,2.092139985408516,0.03921777250638847
172.40777932266704,46,0,-1.7587466930900901,0.7954996064766355
150.7564952305193,42,0,2.5885542162722066,-2.8629340511827506
169.51569353449986,49,0,1.9315015033518481,1.0885244748246325
185.32957416649322,60,1,0.5587506167971648,-2.8036422024458085
182.49212411820557,66,0,1.2943125241987543,0.7280392941967082
166.64288585107218,66,1,0.08953468995443092,2.2207521875289427
170.35279424422518,59,0,-2.362422910480303,1.9200185434523398
158.28260646691393,63,1,2.904860548937105,0.11562843814477208
178.52641880930162,69,0,1.980872838791747,1.851600292613595
155.01657072770894,32,0,0.5128505377202708,-0.04665435488413383
186.75112470079355,58,0,1.5337584539611662,-1.758803334416251
190.73515306310912,28,0,1.1929958563841332,1.989921559524154
177.66032111253043,22,0,0.8645929114845088,-1.4854015751221774
195.2403103693614,37,1,2.2289603331614414,-2.4068917190176613
164.67766018276546,50,0,-0.3816746730920393,1.1755790394030887
154.03316964832172,70,1,2.2583689388999817,-1.916460178282262
199.78417699287922,42,1,0.46657994459107766,0.34854419210615806
175.0127027822032,62,1,-1.6627872297642947,1.9401699602171414
155.1395283581737,38,1,-0.5477155496930219,0.2215704761870887
167.84817840263452,41,0,-0.01721331140035076,0.9893351736298035
161.79016635868558,57,1,-1.3708952247074728,-2.5255447478939055
174.37275541730676,60,0,1.307608705980603,0.9784073193097731
186.87491690789673,69,1,0.7769560561224416,-0.07463044254318119
162.38637557039414,59,0,-2.041286072621687,-1.2942564774903678
186.41779565713318,67,0,-0.09867948690105743,2.9339636512972183
194.74625007553504,60,0,-1.747653992602723,2.642067051788646
176.73456923286955,37,1,2.450488140572487,-2.7298016828318095
153.30659913527836,26,1,-2.8208209907040236,-0.9821073085462726
160.22544590867528,29,1,-1.8297322933044253,2.092105011089469
197.69092727723492,20,0,-0.5930558954440235,-1.7985480105908
175.12815739962312,48,0,2.4092242180831036,2.041111347908891
179.4635159003203,67,0,-1.7966174791256773,1.4665259033412585
167.12412473778033,63,0,0.03635633401099447,-2.11456816908949
182.649204184848,65,0,2.2467565688886673,1.1786856912641275
176.3642723950865,64,0,1.933775806361285,-0.8604676845157249
182.17989154504266,29,1,-0.9287208977502419,-0.8874538380332995
171.6703193404341,65,0,2.395559122747823,2.3440067233273156
151.00867260692553,30,1,-1.4467378246357923,-0.9369360500869655
190.40605354835262,28,0,-0.9805744506959213,1.4556309546437962
196.1849269166006,23,0,2.423180373583323,2.617347453283964
185.089915599336,19,1,-0.0067519560586468685,-0.894520474609728
174.5525213614673,25,1,0.8338604373592693,-1.765672261083338
159.92473011727202,40,1,-1.6006511479191523,2.990026722430448
194.1942364616097,38,0,0.3393448344745602,2.1261879945417146
197.5283290122246,47,1,-2.613506826568269,0.5548841165555061
193.5222790201277,42,0,1.7496749967867675,-0.8721808069183803
193.39251328958667,52,1,-0.884041803861999,2.454840899658807
173.70772710506424,19,1,2.8836369914628897,2.802001710893623
156.63874881851578,55,1,-1.465612290892084,0.24184803980168068
186.0759545943909,19,1,2.5326672734018096,-0.8447543738811003
152.07505855377866,67,0,1.4227297027368788,0.5417389983570082
154.97139183484262,49,0,1.6999050642839872,0.8806997261255205
183.5439711279492,57,1,-2.705647041655951,1.7500561227194886
189.7592548870474,35,0,1.8844775971622392,-2.5884475475662883
165.73051644070085,64,0,0.17472134126363503,-0.7228462927974686
187.38293233389047,35,1,-1.702299992222787,-1.9037201521527425
173.91211417395937,33,1,2.3864945422267514,1.6462138311316021
178.84231323602555,70,0,1.2802099896865204,2.152872835647975
166.3570828663954,67,1,-0.27590292300138985,2.486810971608943
196.75996640900203,63,0,2.060066435187869,2.539853207912775
154.43860944244568,23,1,-2.4898838416508555,2.0326332768542326
151.78816579982012,28,0,-2.6961654167609477,-1.696287840967074
189.89206257099028,37,1,1.1085378194746038,2.0625860522665853
182.84953805392908,64,0,2.0278130651350397,-0.399727399069282
197.21866724089983,51,1,0.9907631668080277,0.47050699759053227
167.5294012637994,20,0,-2.2908712890042473,-0.14948402823270568
185.1544667978875,36,1,-2.2689637366488573,-2.0418432068017935
165.68335973139386,47,0,2.016483618453794,2.123381403179488
196.59965609944828,53,0,-1.550132159222136,-0.669572998235461
194.38882279495803,27,1,-0.4881191269783258,1.1963086196967883
